Ad Group,Keyword,Campaign,Criterion Type
sofas,sofas buy,Sofas,Exact
sofas,buy sofas,Sofas,Exact
sofas,sofas price,Sofas,Exact
sofas,price sofas,Sofas,Exact
sofas,sofas discount,Sofas,Exact
sofas,discount sofas,Sofas,Exact
sofas,sofas promotion,Sofas,Exact
sofas,promotion sofas,Sofas,Exact
sofas,sofas promo,Sofas,Exact
sofas,promo sofas,Sofas,Exact
sofas,sofas shop,Sofas,Exact
sofas,shop sofas,Sofas,Exact
sofas,sofas buying,Sofas,Exact
sofas,buying sofas,Sofas,Exact
sofas,sofas prices,Sofas,Exact
sofas,prices sofas,Sofas,Exact
sofas,sofas pricing,Sofas,Exact
sofas,pricing sofas,Sofas,Exact
sofas,sofas shopping,Sofas,Exact
sofas,shopping sofas,Sofas,Exact
convertible sofas,convertible sofas buy,Sofas,Exact
convertible sofas,buy convertible sofas,Sofas,Exact
convertible sofas,convertible sofas price,Sofas,Exact
convertible sofas,price convertible sofas,Sofas,Exact
convertible sofas,convertible sofas discount,Sofas,Exact
convertible sofas,discount convertible sofas,Sofas,Exact
convertible sofas,convertible sofas promotion,Sofas,Exact
convertible sofas,promotion convertible sofas,Sofas,Exact
convertible sofas,convertible sofas promo,Sofas,Exact
convertible sofas,promo convertible sofas,Sofas,Exact
convertible sofas,convertible sofas shop,Sofas,Exact
convertible sofas,shop convertible sofas,Sofas,Exact
convertible sofas,convertible sofas buying,Sofas,Exact
convertible sofas,buying convertible sofas,Sofas,Exact
convertible sofas,convertible sofas prices,Sofas,Exact
convertible sofas,prices convertible sofas,Sofas,Exact
convertible sofas,convertible sofas pricing,Sofas,Exact
convertible sofas,pricing convertible sofas,Sofas,Exact
convertible sofas,convertible sofas shopping,Sofas,Exact
convertible sofas,shopping convertible sofas,Sofas,Exact
love seats,love seats buy,Sofas,Exact
love seats,buy love seats,Sofas,Exact
love seats,love seats price,Sofas,Exact
love seats,price love seats,Sofas,Exact
love seats,love seats discount,Sofas,Exact
love seats,discount love seats,Sofas,Exact
love seats,love seats promotion,Sofas,Exact
love seats,promotion love seats,Sofas,Exact
love seats,love seats promo,Sofas,Exact
love seats,promo love seats,Sofas,Exact
love seats,love seats shop,Sofas,Exact
love seats,shop love seats,Sofas,Exact
love seats,love seats buying,Sofas,Exact
love seats,buying love seats,Sofas,Exact
love seats,love seats prices,Sofas,Exact
love seats,prices love seats,Sofas,Exact
love seats,love seats pricing,Sofas,Exact
love seats,pricing love seats,Sofas,Exact
love seats,love seats shopping,Sofas,Exact
love seats,shopping love seats,Sofas,Exact
recliners,recliners buy,Sofas,Exact
recliners,buy recliners,Sofas,Exact
recliners,recliners price,Sofas,Exact
recliners,price recliners,Sofas,Exact
recliners,recliners discount,Sofas,Exact
recliners,discount recliners,Sofas,Exact
recliners,recliners promotion,Sofas,Exact
recliners,promotion recliners,Sofas,Exact
recliners,recliners promo,Sofas,Exact
recliners,promo recliners,Sofas,Exact
recliners,recliners shop,Sofas,Exact
recliners,shop recliners,Sofas,Exact
recliners,recliners buying,Sofas,Exact
recliners,buying recliners,Sofas,Exact
recliners,recliners prices,Sofas,Exact
recliners,prices recliners,Sofas,Exact
recliners,recliners pricing,Sofas,Exact
recliners,pricing recliners,Sofas,Exact
recliners,recliners shopping,Sofas,Exact
recliners,shopping recliners,Sofas,Exact
sofa beds,sofa beds buy,Sofas,Exact
sofa beds,buy sofa beds,Sofas,Exact
sofa beds,sofa beds price,Sofas,Exact
sofa beds,price sofa beds,Sofas,Exact
sofa beds,sofa beds discount,Sofas,Exact
sofa beds,discount sofa beds,Sofas,Exact
sofa beds,sofa beds promotion,Sofas,Exact
sofa beds,promotion sofa beds,Sofas,Exact
sofa beds,sofa beds promo,Sofas,Exact
sofa beds,promo sofa beds,Sofas,Exact
sofa beds,sofa beds shop,Sofas,Exact
sofa beds,shop sofa beds,Sofas,Exact
sofa beds,sofa beds buying,Sofas,Exact
sofa beds,buying sofa beds,Sofas,Exact
sofa beds,sofa beds prices,Sofas,Exact
sofa beds,prices sofa beds,Sofas,Exact
sofa beds,sofa beds pricing,Sofas,Exact
sofa beds,pricing sofa beds,Sofas,Exact
sofa beds,sofa beds shopping,Sofas,Exact
sofa beds,shopping sofa beds,Sofas,Exact
sofas,sofas buy,Sofas,Phrase
sofas,buy sofas,Sofas,Phrase
sofas,sofas price,Sofas,Phrase
sofas,price sofas,Sofas,Phrase
sofas,sofas discount,Sofas,Phrase
sofas,discount sofas,Sofas,Phrase
sofas,sofas promotion,Sofas,Phrase
sofas,promotion sofas,Sofas,Phrase
sofas,sofas promo,Sofas,Phrase
sofas,promo sofas,Sofas,Phrase
sofas,sofas shop,Sofas,Phrase
sofas,shop sofas,Sofas,Phrase
sofas,sofas buying,Sofas,Phrase
sofas,buying sofas,Sofas,Phrase
sofas,sofas prices,Sofas,Phrase
sofas,prices sofas,Sofas,Phrase
sofas,sofas pricing,Sofas,Phrase
sofas,pricing sofas,Sofas,Phrase
sofas,sofas shopping,Sofas,Phrase
sofas,shopping sofas,Sofas,Phrase
convertible sofas,convertible sofas buy,Sofas,Phrase
convertible sofas,buy convertible sofas,Sofas,Phrase
convertible sofas,convertible sofas price,Sofas,Phrase
convertible sofas,price convertible sofas,Sofas,Phrase
convertible sofas,convertible sofas discount,Sofas,Phrase
convertible sofas,discount convertible sofas,Sofas,Phrase
convertible sofas,convertible sofas promotion,Sofas,Phrase
convertible sofas,promotion convertible sofas,Sofas,Phrase
convertible sofas,convertible sofas promo,Sofas,Phrase
convertible sofas,promo convertible sofas,Sofas,Phrase
convertible sofas,convertible sofas shop,Sofas,Phrase
convertible sofas,shop convertible sofas,Sofas,Phrase
convertible sofas,convertible sofas buying,Sofas,Phrase
convertible sofas,buying convertible sofas,Sofas,Phrase
convertible sofas,convertible sofas prices,Sofas,Phrase
convertible sofas,prices convertible sofas,Sofas,Phrase
convertible sofas,convertible sofas pricing,Sofas,Phrase
convertible sofas,pricing convertible sofas,Sofas,Phrase
convertible sofas,convertible sofas shopping,Sofas,Phrase
convertible sofas,shopping convertible sofas,Sofas,Phrase
love seats,love seats buy,Sofas,Phrase
love seats,buy love seats,Sofas,Phrase
love seats,love seats price,Sofas,Phrase
love seats,price love seats,Sofas,Phrase
love seats,love seats discount,Sofas,Phrase
love seats,discount love seats,Sofas,Phrase
love seats,love seats promotion,Sofas,Phrase
love seats,promotion love seats,Sofas,Phrase
love seats,love seats promo,Sofas,Phrase
love seats,promo love seats,Sofas,Phrase
love seats,love seats shop,Sofas,Phrase
love seats,shop love seats,Sofas,Phrase
love seats,love seats buying,Sofas,Phrase
love seats,buying love seats,Sofas,Phrase
love seats,love seats prices,Sofas,Phrase
love seats,prices love seats,Sofas,Phrase
love seats,love seats pricing,Sofas,Phrase
love seats,pricing love seats,Sofas,Phrase
love seats,love seats shopping,Sofas,Phrase
love seats,shopping love seats,Sofas,Phrase
recliners,recliners buy,Sofas,Phrase
recliners,buy recliners,Sofas,Phrase
recliners,recliners price,Sofas,Phrase
recliners,price recliners,Sofas,Phrase
recliners,recliners discount,Sofas,Phrase
recliners,discount recliners,Sofas,Phrase
recliners,recliners promotion,Sofas,Phrase
recliners,promotion recliners,Sofas,Phrase
recliners,recliners promo,Sofas,Phrase
recliners,promo recliners,Sofas,Phrase
recliners,recliners shop,Sofas,Phrase
recliners,shop recliners,Sofas,Phrase
recliners,recliners buying,Sofas,Phrase
recliners,buying recliners,Sofas,Phrase
recliners,recliners prices,Sofas,Phrase
recliners,prices recliners,Sofas,Phrase
recliners,recliners pricing,Sofas,Phrase
recliners,pricing recliners,Sofas,Phrase
recliners,recliners shopping,Sofas,Phrase
recliners,shopping recliners,Sofas,Phrase
sofa beds,sofa beds buy,Sofas,Phrase
sofa beds,buy sofa beds,Sofas,Phrase
sofa beds,sofa beds price,Sofas,Phrase
sofa beds,price sofa beds,Sofas,Phrase
sofa beds,sofa beds discount,Sofas,Phrase
sofa beds,discount sofa beds,Sofas,Phrase
sofa beds,sofa beds promotion,Sofas,Phrase
sofa beds,promotion sofa beds,Sofas,Phrase
sofa beds,sofa beds promo,Sofas,Phrase
sofa beds,promo sofa beds,Sofas,Phrase
sofa beds,sofa beds shop,Sofas,Phrase
sofa beds,shop sofa beds,Sofas,Phrase
sofa beds,sofa beds buying,Sofas,Phrase
sofa beds,buying sofa beds,Sofas,Phrase
sofa beds,sofa beds prices,Sofas,Phrase
sofa beds,prices sofa beds,Sofas,Phrase
sofa beds,sofa beds pricing,Sofas,Phrase
sofa beds,pricing sofa beds,Sofas,Phrase
sofa beds,sofa beds shopping,Sofas,Phrase
sofa beds,shopping sofa beds,Sofas,Phrase
